activity_id,tag
1,old
1,participant
1,sport
2,food
2,old
2,participant
3,labs
3,participant
4,labs
4,participant
5,labs
5,participant
7,labs
7,participant
8,labs
8,participant
9,labs
9,participant
11,labs
11,participant
12,labs
12,participant
13,labs
13,participant
15,labs
15,participant
18,labs
18,participant
19,labs
19,participant
21,labs
21,old
21,participant
24,labs
24,participant
25,labs
25,participant
26,cdo
26,labs
26,old
26,participant
27,food
27,old
27,participant
28,participant
29,participant
31,participant
32,not_cdo
32,participant
34,not_cdo
34,participant
35,old
35,participant
36,participant
38,old
38,participant
39,old
39,participant
40,old
40,participant
41,participant
42,participant
44,not_cdo
44,old
44,participant
45,participant
47,old
47,participant
48,old
48,participant
49,participant
50,not_cdo
50,old
50,participant
52,participant
53,participant
54,participant
55,hidden
55,old
55,participant
56,cdo
56,participant
57,cdo
57,participant
60,labs
60,participant
61,old
61,participant
62,food
62,old
62,participant
63,mind
63,old
63,participant
64,mind
64,old
64,participant
65,mind
65,old
65,participant
66,mind
66,old
66,participant
67,mind
67,old
67,participant
68,mind
68,old
68,participant
69,mind
69,old
69,participant
70,mind
70,old
70,participant
71,mind
71,old
71,participant
72,mind
72,old
72,participant
73,mind
73,old
73,participant
74,mind
74,old
74,participant
75,mind
75,old
75,participant
76,mind
76,old
76,participant
77,mind
77,old
77,participant
78,mind
78,old
78,participant
79,mind
79,old
79,participant
80,mind
80,old
80,participant
81,labs
81,participant
83,labs
83,participant
84,labs
84,participant
89,old
89,participant
91,old
91,participant
92,old
92,participant
93,old
93,participant
94,old
94,participant
95,not_cdo
95,participant
96,old
96,participant
97,not_cdo
97,participant
98,not_cdo
98,participant
99,not_cdo
99,participant
100,not_cdo
100,participant
102,cdo
102,old
102,participant
103,cdo
103,labs
103,old
103,participant
104,cdo
104,old
104,participant
105,old
105,participant
106,old
106,participant
107,old
107,participant
109,labs
109,participant
110,labs
110,participant
112,labs
112,participant
114,labs
114,participant
115,labs
115,participant
116,labs
116,participant
117,hidden
117,labs
117,not_cdo
117,participant
118,not_cdo
118,participant
121,not_cdo
121,participant
122,not_cdo
122,participant
123,participant
125,not_cdo
125,participant
126,not_cdo
126,participant
127,old
127,participant
128,old
128,participant
129,not_cdo
129,participant
131,not_cdo
131,participant
134,not_cdo
134,old
134,participant
135,participant
137,cdo
137,old
137,participant
138,cdo
138,labs
138,old
138,participant
139,cdo
139,labs
139,old
139,participant
140,cdo
140,labs
140,old
140,participant
141,mind
141,old
141,participant
143,mind
143,old
143,participant
144,mind
144,old
144,participant
145,hidden
145,old
145,participant
146,old
146,participant
148,labs
148,old
148,participant
149,labs
149,participant
150,participant
151,hidden
151,participant
152,participant
153,participant
154,old
154,participant
155,cdo
155,participant
157,cdo
157,labs
157,participant
158,old
158,participant
159,old
159,participant
160,old
160,participant
161,participant
162,participant
163,participant
164,old
164,participant
165,old
165,participant
166,participant
168,participant
169,cdo
169,old
169,participant
170,cdo
170,participant
172,cdo
172,old
172,participant
173,cdo
173,old
173,participant
174,cdo
174,old
174,participant
175,old
175,participant
176,old
176,participant
177,old
177,participant
178,labs
178,participant
179,labs
179,participant
180,labs
180,participant
182,hidden
182,labs
182,participant
183,hidden
183,labs
183,participant
184,labs
184,participant
185,labs
185,participant
186,labs
186,participant
187,labs
187,participant
188,participant
191,participant
192,old
192,participant
193,old
193,participant
194,hidden
194,old
194,participant
195,participant
196,participant
197,participant
198,old
198,participant
199,old
199,participant
201,participant
202,old
202,participant
203,participant
205,participant
206,participant
207,participant
209,hidden
209,old
209,participant
211,old
211,participant
212,old
212,participant
213,old
213,participant
214,hidden17.07
214,labs
214,participant
215,hidden17.07
215,participant
216,hidden17.07
216,participant
217,participant
218,participant
219,old
219,participant
220,cdo
220,old
220,participant
221,cdo
221,old
221,participant
222,cdo
222,old
222,participant
223,cdo
223,old
223,participant
224,old
224,participant
225,old
225,participant
226,old
226,participant
227,hidden
227,old
227,participant
228,cdo
228,old
228,participant
229,hidden
229,old
229,participant
230,hidden
230,old
230,participant
231,old
231,participant
232,old
232,participant
233,old
233,participant
236,labs
236,old
236,participant
245,old
245,participant
247,participant
248,participant
249,participant
250,participant
252,participant
253,hidden17.07
253,participant
254,participant
255,participant
256,participant
257,participant
258,participant
259,participant
260,not_cdo
260,participant
261,participant
262,participant
263,old
263,participant
264,not_cdo
264,participant
268,not_cdo
268,participant
270,labs
270,old
270,participant
271,labs
271,participant
272,labs
272,participant
273,labs
273,participant
274,labs
274,participant
275,participant
276,participant
277,participant
278,participant
279,participant
280,participant
281,old
281,participant
282,participant
283,old
283,participant
284,participant
285,cdo
285,old
285,participant
287,mind
287,old
287,participant
288,mind
288,old
288,participant
289,old
289,participant
292,cdo
292,labs
292,old
292,participant
293,cdo
293,participant
294,cdo
294,participant
295,cdo
295,old
295,participant
296,cdo
296,participant
297,cdo
297,old
297,participant
298,mind
298,old
298,participant
300,old
300,participant
304,participant
307,not_cdo
307,old
307,participant
308,participant
309,participant
310,not_cdo
310,participant
311,participant
312,participant
313,labs
313,participant
315,labs
315,participant
316,labs
316,participant
317,labs
317,participant
318,labs
318,participant
319,labs
319,participant
321,labs
321,participant
322,labs
322,participant
324,labs
324,participant
326,labs
326,participant
327,labs
327,participant
329,not_cdo
329,old
329,participant
330,participant
331,participant
332,participant
333,not_cdo
333,participant
334,not_cdo
334,participant
335,cdo
335,labs
335,participant
336,not_cdo
336,participant
337,participant
338,not_cdo
338,participant
339,not_cdo
339,participant
340,participant
341,not_cdo
341,participant
342,not_cdo
342,participant
343,not_cdo
343,participant
344,not_cdo
344,participant
345,not_cdo
345,participant
346,not_cdo
346,participant
347,not_cdo
347,participant
348,participant
349,not_cdo
349,participant
350,old
350,participant
351,participant
352,participant
353,labs
353,participant
354,labs
354,participant
355,participant
356,old
356,participant
357,participant
358,participant
362,participant
363,not_cdo
363,old
363,participant
364,old
364,participant
365,cdo
365,old
365,participant
366,mind
366,old
366,participant
367,labs
367,participant
368,participant
369,participant
370,participant
371,hidden
371,old
371,participant
372,participant
373,hidden17.07
373,participant
374,participant
375,not_cdo
375,participant
376,old
376,participant
377,participant
378,cdo
378,old
378,participant
379,cdo
379,participant
380,cdo
380,old
380,participant
381,cdo
381,labs
381,old
381,participant
382,participant
383,participant
384,participant
385,participant
386,not_cdo
386,participant
387,not_cdo
387,participant
388,participant
389,old
389,participant
390,old
390,participant
391,labs
391,participant
392,labs
392,participant
393,labs
393,participant
394,labs
394,participant
395,labs
395,participant
396,labs
396,participant
397,labs
397,participant
398,labs
398,participant
399,labs
399,participant
400,labs
400,old
400,participant
401,labs
401,participant
402,not_cdo
402,participant
403,participant
404,cdo
404,old
404,participant
405,cdo
405,food
405,old
405,participant
406,old
406,participant
406,sport
407,old
407,participant
407,sport
408,cdo
408,labs
408,participant
409,old
409,participant
409,sport
410,old
410,participant
410,sport
411,old
411,participant
411,sport
412,hidden
412,old
412,participant
412,sport
413,old
413,participant
413,sport
414,old
414,participant
414,sport
415,old
415,participant
415,sport
416,old
416,participant
416,sport
417,old
417,participant
417,sport
418,old
418,participant
418,sport
419,old
419,participant
419,sport
420,old
420,participant
420,sport
421,old
421,participant
421,sport
422,old
422,participant
422,sport
423,old
423,participant
424,food
424,old
424,participant
425,mind
425,old
425,participant
426,participant
427,participant
428,participant
429,participant
430,not_cdo
430,old
430,participant
431,old
431,participant
431,sport
432,old
432,participant
432,sport
433,old
433,participant
433,sport
434,participant
435,not_cdo
435,participant
436,participant
437,participant
438,participant
439,participant
440,participant
441,participant
442,old
442,participant
443,participant
444,old
444,participant
445,participant
446,old
446,participant
447,participant
448,not_cdo
448,participant
449,not_cdo
449,participant
450,old
450,participant
451,old
451,participant
452,old
452,participant
453,cdo
453,old
453,participant
454,cdo
454,participant
455,participant
456,participant
457,not_cdo
457,participant
458,not_cdo
458,participant
459,not_cdo
459,participant
460,participant
461,old
461,participant
462,participant
463,participant
464,participant
465,not_cdo
465,participant
466,not_cdo
466,participant
467,old
467,participant
468,old
468,participant
469,old
469,participant
470,old
470,participant
471,old
471,participant
472,old
472,participant
473,participant
474,cdo
474,old
474,participant
475,old
475,participant
476,cdo
476,old
476,participant
477,participant
478,participant
479,participant
480,old
480,participant
481,old
481,participant
482,old
482,participant
483,cdo
483,participant
484,old
484,participant
485,participant
486,old
486,participant
487,old
487,participant
488,old
488,participant
489,old
489,participant
490,old
490,participant
491,old
491,participant
492,old
492,participant
493,old
493,participant
494,old
494,participant
495,old
495,participant
496,participant
497,participant
498,participant
499,old
499,participant
500,participant
501,participant
502,participant
503,participant
504,old
504,participant
505,participant
506,participant
507,old
507,participant
508,participant
509,participant
510,participant
511,participant
512,participant
513,old
513,participant
514,participant
515,old
515,participant
516,participant
517,old
517,participant
518,participant
519,participant
520,participant
521,participant
522,participant
523,not_cdo
523,participant
524,hidden
524,old
524,participant
525,participant
526,participant
527,participant
528,old
528,participant
528,sport
529,old
529,participant
529,sport
530,participant
531,cdo
531,old
531,participant
532,old
532,participant
533,old
533,participant
534,old
534,participant
535,old
535,participant
535,sport
536,hidden
536,old
536,participant
537,participant
538,old
538,participant
539,participant
540,participant
541,participant
542,hidden17.07
542,participant
543,participant
544,participant
545,participant
546,participant
547,participant
548,old
548,participant
549,hidden
549,participant
550,old
550,participant
551,old
551,participant
554,hidden
