id,title,description
1,Сквозные технологии,Знакомство с технологиями и умение применять их на практике.
2,Цифровой мир,
3,Бизнес-компетенции,"Ключевые бизнес-компетенции, определяющие успешность на глобальном рынке."
4,Личная эффективность,"Практики, определяющие способность развития и управления собственной эффективностью."
